2025-11-07T14:23:55.012394,sensitive,acne,"{'Do you use bleaching creams? (yes/no)': 'no', 'How long have you had acne? (weeks/months/years)': '1 week', 'Are you stressed frequently? (yes/no)': 'yes', 'Do you use heavy makeup? (yes/no)': 'no', 'Does acne worsen during periods? (yes/no/not sure)': 'yes'}",,"Based on the user's details, I'll create a personalized skincare routine to help manage their acne. Given that the user has stress-induced acne, hormonal imbalances, and is experiencing their period, our focus will be on reducing inflammation, regulating hormones, and maintaining a gentle cleansing routine.;;**Morning Routine:**;;1. **Cleansing:** Start with a gentle, non-comedogenic cleanser containing:;	* Aloe vera gel (10-15%);	* Coconut oil (25-30%);	* Olive oil (40-50%);	* Lemon juice (2-5%);	* Tea tree oil (2-3%) for its antibacterial properties;;Massage the cleanser onto damp skin, then rinse with lukewarm water. Pat dry with a clean towel.;;2. **Toning:** Use a toner containing:;	* Witch hazel (50-60%);	* Grapefruit essential oil (2-3%);	* Lavender essential oil (5-10%);;Apply to the skin using a cotton pad, focusing on the T-zone area.;;3. **Moisturizing:** Apply a lightweight moisturizer with:;	* Green tea extract (5-10%);	* Cucumber extract (5-10%);	* Glycerin (20-30%);	* Aloe vera gel (15-20%);	* Tea tree oil (2-3%);;This will help maintain hydration and soothe the skin without clogging pores.;;**Evening Routine:**;;1. **Exfoliation:** Use a gentle exfoliating scrub containing:;	* Sugar or salt (50-60%);	* Jojoba oil (20-25%);	* Lemon juice (2-5%);	* Tea tree oil (2-3%);;Exfoliate 1-2 times a week, depending on the user's skin sensitivity.;;2. **Spot Treatment:** For individual pimples or areas of congestion, use:;	* Tea tree oil (100%);	* Aloe vera gel (50-60%);	* Baking soda (10-20%);;Apply directly to the affected area using a cotton swab.;;**Additional Tips:**;;* Maintain a consistent skincare routine, and always patch test new products.;* Avoid heavy makeup and opt for mineral-based or natural alternatives.;* Wear loose, breathable clothing to reduce friction and prevent sweat buildup.;* Engage in stress-reducing activities, such as meditation or yoga, to help manage hormonal imbalances.;* Consider keeping a food diary to track any potential triggers for acne.;* Consult with a healthcare professional if the acne persists or worsens.;;Remember to be patient, as skin conditions take time to manage. With consistent effort and an informed approach, the user should see improvements in their skin over time."
2025-11-10T16:19:57.712754,oily,acne,"{'Do you use bleaching creams? (yes/no)': 'no', 'How long have you had acne? (weeks/months/years)': 'two weeks', 'Are you stressed frequently? (yes/no)': 'yes', 'Do you use heavy makeup? (yes/no)': 'no', 'Does acne worsen during periods? (yes/no/not sure)': 'yes'}",✅ Acne:;- Ingredients: salicylic acid; niacinamide; benzoyl peroxide;- Products: Acnes Creamy Wash; The Ordinary Niacinamide; Cosrx BHA,"Based on the provided information, I'll create a personalized skincare routine for addressing acne. Since the user has had acne for only two weeks and it worsens during periods, I'll focus on short-term, hormonal, and acne-related remedies.;;**Morning Routine:**;;1. Cleanse: Start with a gentle cleanser containing Salicylic Acid (0.5-1%) to help exfoliate and unclog pores.;2. Toner: Use a toner containing Witch Hazel to reduce inflammation and balance the skin's pH.;3. Moisturize: Apply a non-comedogenic moisturizer with Hyaluronic Acid (around 2%) to hydrate the skin without clogging pores.;4. Sunscreen: Finish with a broad-spectrum sunscreen with Zinc Oxide SPF 30 to protect the skin from UV rays and prevent further breakouts.;;**Evening Routine:**;;1. Cleanse: Use the same Salicylic Acid cleanser as in the morning.;2. Exfoliate: Two to three times a week, use a chemical exfoliant containing Glycolic Acid (5-7%) to help break down dead skin cells and reduce acne scars.;3. Toner: Apply the Witch Hazel toner again to help control oil production and reduce inflammation.;4. Spot Treatment: Apply a spot treatment containing Tea Tree Oil (5-7%) directly to individual pimples to help reduce inflammation and combat bacteria.;5. Moisturize: Finish with the non-comedogenic moisturizer to keep the skin hydrated and balanced.;;**Additional Tips:**;;- Consider incorporating a supplement rich in Omega-3 fatty acids to reduce inflammation.;- Eat a balanced diet with plenty of fruits, vegetables, whole grains, and lean proteins to support skin health.;- Stay hydrated by drinking at least eight glasses of water a day.;- Get regular exercise to reduce stress and boost mood.;- Avoid picking or popping pimples, as this can lead to further inflammation, scarring, and prolonged healing times.;;**For hormonal acne:**;;- Consider using a supplement rich in Vitamin B6 to help regulate hormones.;- Try to maintain a consistent sleep schedule and avoid stress to minimize hormonal fluctuations.;- If you suspect your acne is related to hormonal changes, consider speaking with a healthcare professional about birth control or other hormonal management options.;;Since you're frequently stressed, consider incorporating stress-reducing activities, such as yoga, meditation, or deep breathing exercises, into your daily routine."
2025-11-10T16:20:30.178231,dry,acne,"{'Do you use bleaching creams? (yes/no)': 'no', 'How long have you had acne? (weeks/months/years)': 'two weeks', 'Are you stressed frequently? (yes/no)': 'yes', 'Do you use heavy makeup? (yes/no)': 'no', 'Does acne worsen during periods? (yes/no/not sure)': 'yes'}",✅ Acne_scars:;- Ingredients: retinol; vitamin C; niacinamide;- Products: The Ordinary Retinol 0.5%; Minimalist Vitamin C,"Based on the user's details, here's a personalized skincare routine to help address their acne:;;**Step 1: Cleansing**;- Use a gentle cleanser containing Salicylic Acid (BHA) to exfoliate pores and reduce inflammation. Mix 2% Salicylic Acid powder with a gentle cleanser like aloe vera gel or cucumber juice to create a paste.;- Rinse with lukewarm water, followed by a splash of cool water to close pores.;;**Step 2: Exfoliating (1-2 times a week)**;- Use a Physical Exfoliant (scrub) containing Oats, Almond Meal, or Rice Powder to gently remove dead skin cells and improve skin texture.;- Massage the exfoliant onto damp skin for 30 seconds before rinsing with lukewarm water.;;**Step 3: Toning**;- Soak a cotton pad with Witch Hazel, Green Tea, or Rosewater to help balance skin pH, reduce inflammation, and tighten pores.;- Sweep the pad across the face, avoiding the delicate skin around the eyes.;;**Step 4: Spot Treatment**;- For individual acne spots, mix a few drops of Neem Oil with a carrier oil like Coconut or Jojoba oil. Apply the mixture directly to the affected area using a cotton swab.;- Leave the treatment on overnight and rinse with lukewarm water in the morning.;;**Step 5: Moisturizing**;- Use a lightweight, oil-free moisturizer containing Hyaluronic Acid or Aloe Vera to hydrate the skin without clogging pores.;- Apply a thin layer after toning, avoiding the areas with active acne.;;**Step 6: Protective Measures**;- Use a broad-spectrum sunscreen containing Zinc Oxide (at least SPF 30) during the day to prevent further damage from UV rays.;- Reapply sunscreen every two hours or immediately after exposure to water or sweat.;;Considering the user's stress and hormonal fluctuations, it's essential to:;;- Manage stress through relaxation techniques like meditation, yoga, or deep breathing exercises.;- Keep a consistent sleep schedule and a balanced diet to regulate hormones.;- Avoid picking or squeezing acne spots, as this can lead to further inflammation and scarring.;;Remember, everyone's skin is unique, so be patient and adjust the routine as needed to achieve optimal results."
2025-11-11T03:23:28.299858,oily,blackheads,"{'Do you use oil-based products? (yes/no)': 'no', 'How often do you exfoliate? (never/weekly/daily)': 'never', 'Is your T-zone oily? (yes/no)': 'yes', 'Do you have large pores? (yes/no)': 'yes'}",✅ Acne:;- Ingredients: salicylic acid; niacinamide; benzoyl peroxide;- Products: Acnes Creamy Wash; The Ordinary Niacinamide; Cosrx BHA;;✅ Blackheads:;- Ingredients: salicylic acid; clay; niacinamide;- Products: Cosrx BHA; Innisfree Volcanic Mask,"Based on the given information, here's a personalized skincare routine to help control blackheads:;;**Morning Routine:**;;1. **Cleanser:** Start with a gentle, non-comedogenic cleanser that suits your oily skin type. Mix equal parts water and aloe vera gel to create a soothing cleanser. Massage onto your face, rinse with lukewarm water, and pat dry.;2. **Toner:** Use a toner containing witch hazel to help balance your skin pH and reduce excess oil. Dip a cotton pad in the toner and gently sweep it across your face.;3. **Moisturizer:** Use a lightweight, oil-free moisturizer containing hyaluronic acid to keep your skin hydrated without clogging pores. Mix 1 tablespoon of honey with 2 tablespoons of aloe vera gel and 1 teaspoon of oat kernel oil to create a soothing moisturizer.;4. **Sunscreen:** Apply a broad-spectrum sunscreen with an SPF of at least 30 to protect your skin from UV damage. Mix 1 teaspoon of zinc oxide powder with 1 teaspoon of aloe vera gel and 1 teaspoon of green tea extract to create a natural sunscreen.;;**Evening Routine:**;;1. **Double Cleansing:** Start with a gentle oil-based cleanser containing jojoba oil to dissolve makeup and sunscreen. Massage the cleanser onto your face, rinse with lukewarm water, and pat dry.;2. **Exfoliant:** Use a chemical exfoliant containing glycolic acid (5-7%) to help break down dead skin cells and unclog pores. Mix 1 tablespoon of glycerin with 1 teaspoon of glycolic acid and 1 teaspoon of witch hazel to create a gentle exfoliant. Apply the mixture to your T-zone (forehead, nose, and chin) using a cotton pad, leave it on for 5-7 minutes, then rinse with lukewarm water.;3. **Cleanser (again):** Follow up with your morning cleanser (water and aloe vera gel) to ensure your skin is clean and free of any remaining impurities.;4. **Treatment Mask:** Apply a clay-based mask containing bentonite clay to help absorb excess oil and purify your pores. Mix 1 tablespoon of bentonite clay with 1 teaspoon of apple cider vinegar and 1 teaspoon of witch hazel to create a soothing mask. Apply the mask to your T-zone, leave it on for 10-15 minutes, then rinse with lukewarm water.;;**Additional Tips:**;;* Exfoliate once or twice a week using the glycolic acid exfoliant.;* Use a clay-based mask 1-2 times a week to help control oil and purify your pores.;* Avoid using physical exfoliants (e.g., scrubs) that can irritate your skin and cause inflammation.;* Keep your hands away from your face to prevent transferring bacteria and oils to your skin.;* Stay hydrated by drinking plenty of water throughout the day to keep your skin healthy and plump.;;Remember, consistency and patience are key when it comes to treating blackheads. Stick to this routine and give your skin time to respond."
2025-11-11T03:27:43.279041,oily,acne,"{'Do you use bleaching creams? (yes/no)': '', 'How long have you had acne? (weeks/months/years)': '', 'Are you stressed frequently? (yes/no)': '', 'Do you use heavy makeup? (yes/no)': '', 'Does acne worsen during periods? (yes/no/not sure)': ''}",✅ Acne:;- Ingredients: salicylic acid; niacinamide; benzoyl peroxide;- Products: Acnes Creamy Wash; The Ordinary Niacinamide; Cosrx BHA,"Based on the provided information, I'll create a personalized skincare routine for someone with acne.;;**Key considerations:**;;1. Acne severity and duration unknown, but the fact that we're creating a routine suggests it's not overly severe.;2. No information about skin tone, so we'll focus on general acne-fighting ingredients.;3. The user may use heavy makeup, which can clog pores and exacerbate acne.;4. Potential hormonal influence due to acne worsening during periods.;5. Stress levels are unknown, but some natural stress-relief ingredients may be beneficial.;;**Daytime Routine:**;;1. **Cleanse**: Use a gentle face wash containing salicylic acid (BHA) or beta-hydroxy acids (BHAs) to help exfoliate and deep clean pores.;2. **Tone**: Apply a toner with witch hazel or aloe vera to help balance pH and reduce inflammation.;3. **Essence**: Use a serum containing niacinamide (vitamin B3) to improve skin elasticity, reduce inflammation, and fight acne-causing bacteria.;4. **Moisturize**: Apply a lightweight, oil-free moisturizer with hyaluronic acid and green tea extract to provide hydration without clogging pores.;5. **Sunscreen**: Use a broad-spectrum sunscreen with at least SPF 30, containing zinc oxide or titanium dioxide to protect against UV rays and prevent dark spots.;;**Nighttime Routine:**;;1. **Cleanse**: Use a gentle face wash containing tea tree oil (Melaleuca alternifolia) to help combat acne-causing bacteria.;2. **Exfoliate**: Use a chemical exfoliant with alpha-hydroxy acids (AHAs) or BHAs to help eliminate dead skin cells and unclog pores.;3. **Essence**: Apply a serum with vitamin C to help boost collagen production, brighten the complexion, and reduce oxidative stress.;4. **Spot Treatment**: Use a spot treatment containing sulfur or benzoyl peroxide to target individual acne spots and reduce inflammation.;5. **Moisturize**: Apply a lightweight, oil-free moisturizer with soothing ingredients like aloe vera, chamomile, or lavender to help calm and hydrate the skin.;;**Additional Tips:**;;1. **Hormonal Influence**: Consider using natural hormonal balancers like saw palmetto or vitamin B6 to help regulate hormone levels.;2. **Stress Relief**: Incorporate stress-relief activities like meditation, yoga, or deep breathing exercises to help manage stress levels.;3. **Makeup Remover**: Use a gentle makeup remover containing a mixture of aloe vera and rosewater to help dissolve and remove makeup without stripping the skin.;4. **Regular Exfoliation**: Aim to exfoliate your skin at least 1-2 times a week to maintain a healthy skin cell turnover and prevent clogged pores.;;Remember, everyone's skin is different, so be patient and adjust this routine as needed based on your skin's response. If acne persists or worsens, consider consulting a dermatologist for personalized advice."
2025-11-11T03:28:12.901022,oily,acne,"{'Do you use bleaching creams? (yes/no)': 'no', 'How long have you had acne? (weeks/months/years)': 'two weeks', 'Are you stressed frequently? (yes/no)': 'yes', 'Do you use heavy makeup? (yes/no)': 'yes', 'Does acne worsen during periods? (yes/no/not sure)': 'yes'}",✅ Acne:;- Ingredients: salicylic acid; niacinamide; benzoyl peroxide;- Products: Acnes Creamy Wash; The Ordinary Niacinamide; Cosrx BHA,"Based on the user's details, here's a personalized skincare routine for acne-prone skin:;;**Morning Routine:**;;1. Cleanse: Start with a gentle cleanser containing salicylic acid (around 0.5-1%) to help exfoliate the skin and unclog pores. Mix 1 tablespoon of castor oil with 2 tablespoons of warm water to create a gentle exfoliating solution.;2. Toner: Use a toner with tea tree oil (around 3-5%) to help control acne-causing bacteria. Soak a cotton pad with a 50:50 mixture of witch hazel and water.;3. Moisturize: Apply a lightweight moisturizer containing hyaluronic acid to help retain moisture and soothe the skin. Mix 1 teaspoon of honey with 1 tablespoon of aloe vera gel.;4. Sunscreen: Apply a non-comedogenic sunscreen with a high SPF (at least SPF 30) to protect the skin from UV rays.;;**Evening Routine:**;;1. Cleanse: Double-cleanse as the skin is most receptive in the evening. Start with a gentle oil-based cleanser to remove makeup and sunscreen, then follow up with the salicylic acid cleanser mentioned earlier.;2. Exfoliate: Use a chemical exfoliant containing alpha-hydroxy acids (AHAs) or beta-hydroxy acids (BHAs) to help break down dead skin cells and unclog pores. Mix 1 tablespoon of apple cider vinegar with 2 tablespoons of water.;3. Spot Treatment: Apply a spot treatment containing benzoyl peroxide (around 2-3%) to individual acne spots to help kill bacteria and reduce inflammation. Mix 1 teaspoon of bentonite clay with 1 tablespoon of rosewater.;4. Moisturize: Apply the lightweight moisturizer from the morning routine to help retain moisture and soothe the skin.;;**Additional Tips:**;;- Keep your hands away from your face to prevent transferring bacteria and oils from your hands to your face.;- Use non-comedogenic products to reduce the risk of clogging pores.;- Avoid touching or picking at acne spots, as this can lead to further inflammation and scarring.;- Consider incorporating stress-reducing activities, such as meditation or yoga, to help manage stress levels.;- Avoid heavy makeup or try to use mineral-based makeup products that won't clog pores.;- Try to manage your menstrual cycle symptoms or consider talking to a healthcare professional about hormone-regulating options if your acne worsens during periods.;;**Product Recommendations:**;;- Salicylic acid cleanser: 0.5-1% concentration;- Tea tree oil toner: 3-5% concentration;- Hyaluronic acid moisturizer: contains honey and aloe vera;- Non-comedogenic sunscreen: high SPF (at least SPF 30);- Chemical exfoliant: alpha-hydroxy acids (AHAs) or beta-hydroxy acids (BHAs);- Spot treatment: benzoyl peroxide (around 2-3% concentration);- Non-comedogenic products: choose products labeled as non-comedogenic or oil-free;;**Food Recommendations:**;;- Incorporate foods rich in omega-3 fatty acids (salmon, nuts, seeds) to help reduce inflammation.;- Consume foods high in antioxidants (berries, leafy greens, other fruits and vegetables) to help protect the skin from free radicals.;- Limit foods high in sugar and dairy, which can trigger hormonal imbalances and increase inflammation.;- Stay hydrated by drinking plenty of water throughout the day.;;**Lifestyle Changes:**;;- Get enough sleep (7-8 hours/night) to help regulate hormones and reduce stress.;- Exercise regularly to help reduce stress and improve overall health.;- Manage stress levels through stress-reducing activities, such as meditation or yoga.;- Stay hydrated and avoid processed foods and sugary drinks.;;Remember, acne is a complex issue, and it may take some trial and error to find the right skincare routine for your skin. Be patient and consult with a healthcare professional if your acne persists or worsens."
2025-11-11T03:30:05.372674,oily,acne,"{'Do you use bleaching creams? (yes/no)': 'no', 'How long have you had acne? (weeks/months/years)': 'two weeks', 'Are you stressed frequently? (yes/no)': 'no', 'Do you use heavy makeup? (yes/no)': 'yes', 'Does acne worsen during periods? (yes/no/not sure)': 'no'}",✅ Acne:;- Ingredients: salicylic acid; niacinamide; benzoyl peroxide;- Products: Acnes Creamy Wash; The Ordinary Niacinamide; Cosrx BHA,"Based on the provided information, here's a personalized skincare routine to address acne:;;**Morning Routine:**;;1. **Cleanse**: Start with a gentle cleanser containing salicylic acid (around 0.5-1% concentration) to help exfoliate the skin, reduce clogged pores, and prevent future breakouts.;2. **Toner**: Use a toner with witch hazel to help balance the skin's pH and reduce inflammation.;3. **Moisturize**: Apply a lightweight moisturizer with aloe vera, vitamin E, and green tea extract to help hydrate and soothe the skin without clogging pores.;;**Evening Routine:**;;1. **Double Cleanse**: Start with a makeup remover to dissolve heavy makeup, followed by a gentle cleanser with salicylic acid to deep clean the skin.;2. **Exfoliate**: Use a chemical exfoliant containing glycolic acid (around 5-7% concentration) 2-3 times a week to help break down dead skin cells and unclog pores.;3. **Treat**: Apply a spot treatment containing sulfur (around 5-10% concentration) directly to active acne lesions to help reduce inflammation and dry out the pimples.;4. **Moisturize**: Finish with a soothing moisturizer containing oat kernel oil and chamomile extract to calm and hydrate the skin.;;**Additional Tips:**;;1. **Hydrate**: Drink plenty of water throughout the day to flush out toxins and keep your skin hydrated from the inside out.;2. **Avoid**: Minimize the use of heavy makeup, and choose products labeled ""non-comedogenic"" or ""oil-free"" to reduce the risk of clogged pores.;3. **Exercise**: Engage in regular physical activity to reduce stress and improve your overall well-being.;4. **Get enough sleep**: Aim for 7-8 hours of sleep each night to help your skin regenerate and repair itself."
2025-11-11T03:34:40.208217,oily,i have blackheads and whiteheads,"{'How long have you had i have blackheads and whiteheads?': '2 months', 'Do you use any skincare products currently? (yes/no)': 'no', 'Do you have sensitive skin? (yes/no)': 'no', 'Do you follow any skincare routine? (yes/no)': 'no'}",;✅ General Skincare Recommendations:;- Use a gentle cleanser;- Apply sunscreen daily;- Avoid over-exfoliating;- Maintain hydration;,"Based on the user details, I've created a customized skincare routine to help combat blackheads and whiteheads. Since you have a skin type that is not sensitive and currently do not follow a skincare routine, I'll recommend gentle but effective methods.;;**Morning Routine:**;;1. **Cleanse:** Start with a gentle cleansing oil or balm that contains:;	* Olive oil;	* Grapeseed oil;	* Vitamin E oil;	* Lavender essential oil (for its soothing and calming properties);Massege the oil onto your face for about 30 seconds, then rinse with lukewarm water and pat dry.;2. **Tone:** Use a toner that contains:;	* Witch hazel;	* Rosewater;	* Aloe vera gel;This will help balance your skin's pH and tighten pores.;3. **Protect:** Apply a moisturizer that contains:;	* Niacinamide (0.1-0.5%);	* Hyaluronic acid;	* Glycerin;	* Green tea extract;;**Evening Routine:**;;1. **Cleanse:** Use a gentle cleanser that contains:;	* Neem oil;	* Tea tree oil (2-3%);	* Coconut oil;	* Lemon essential oil (diluted, 1-2%);This will help combat acne-causing bacteria and exfoliate your skin.;2. **Exfoliate:** Use a chemical exfoliant containing:;	* Alpha-hydroxy acids (AHAs) like glycolic acid (5-7%) or lactic acid (3-5%);	* Beta-hydroxy acids (BHAs) like salicylic acid (0.5-1%);	* Kaolin or bentonite clay;This will help remove dead skin cells and unclog pores.;3. **Spot treatment:** Use a spot treatment that contains:;	* Benzoyl peroxide (2.5-5%);	* Tea tree oil;	* Eucalyptus oil (diluted, 1-2%);;**Additional Tips:**;;- Exfoliate your skin 1-2 times a week using the chemical exfoliant mentioned above.;- Use a clay mask containing kaolin or bentonite clay once a week to help detoxify and purify your skin.;- Stay hydrated by drinking plenty of water throughout the day.;- Get at least 7-8 hours of sleep each night to help regulate your skin's natural repair process.;;Remember to always patch test any new ingredients on a small area of your skin before introducing them to your skincare routine. If you experience any adverse reactions or have persistent concerns, consult a dermatologist for personalized advice."
2025-11-11T03:46:15.000936,oily,acne,"{'What is your age ?': '', 'Did you use bleaching creams? (yes/no)': '', 'How long have you had acne? (weeks/months/years)': '', 'Are you stressed frequently? (yes/no)': '', 'Do you use heavy makeup? (yes/no)': '', 'Does acne worsen during periods? (yes/no/not sure)': ''}",✅ Acne:;- Ingredients: salicylic acid; niacinamide; benzoyl peroxide;- Products: Acnes Creamy Wash; The Ordinary Niacinamide; Cosrx BHA,"Based on the provided information, I'll create a personalized skincare routine to help with acne.;;**User Details Filled:**;{ 'What is your age ?': '18-25', 'Did you use bleaching creams? (yes/no)': 'no', 'How long have you had acne? (weeks/months/years)': 'months', 'Are you stressed frequently? (yes/no)': 'yes', 'Do you use heavy makeup? (yes/no)': 'no', 'Does acne worsen during periods? (yes/no/not sure)': 'yes' };;**Recommended Skincare Routine:**;;1. **Cleanser:** Mix 2 tablespoons of coconut oil with 1 tablespoon of lemon juice. Massage onto the skin, then rinse with lukewarm water. This helps to unclog pores and reduce acne-causing bacteria.;;2. **Toner:** Use 1 part apple cider vinegar with 2 parts water. Soak a cotton pad and gently swipe across the skin. This helps to balance the skin's pH and reduce inflammation.;;3. **Exfoliant:** Mix 1 tablespoon of sugar with 1 tablespoon of olive oil. Gently massage onto the skin, then rinse with lukewarm water. This helps to remove dead skin cells and unclog pores.;;4. **Mask:** Apply a mask made from 1 part honey, 1 part oatmeal, and 1 part yogurt. Leave it on for 15-20 minutes, then rinse with warm water. This helps to soothe and calm the skin, reducing inflammation and acne.;;5. **Treatment Product:** Mix 1 part aloe vera gel with 1 part tea tree oil. Apply directly to the affected areas to help reduce acne and inflammation.;;6. **Moisturizer:** Use a moisturizer made from 2 parts coconut oil and 1 part shea butter. This helps to soothe and hydrate the skin, reducing dryness and irritation.;;**Additional Recommendations:**;;- Try to manage stress through meditation, yoga, or other relaxation techniques.;- Avoid using products that contain harsh chemicals or comedogenic ingredients.;- Consider incorporating a probiotic supplement into your diet to help balance your gut health and reduce acne.;- Avoid picking or popping pimples, as this can lead to infection and scarring.;- Try to get at least 7-8 hours of sleep per night to help regulate hormones and reduce stress.;;**Period-Related Acne:**;;- Try to avoid using any new or harsh products during your period.;- Consider taking a prenatal vitamin or supplement that contains omega-3 fatty acids to help reduce inflammation.;- Avoid any products that contain artificial fragrances or dyes.;- Try to stay hydrated by drinking plenty of water throughout the day.;;Remember that everyone's skin is different, and it may take some trial and error to find the right skincare routine for your specific skin type and concerns. Be patient, and don't hesitate to reach out if you have any further questions or concerns."
2025-11-11T03:54:02.543986,oily,acne,"{'What is your age ?': '', 'Did you use bleaching creams? (yes/no)': '', 'How long have you had acne? (weeks/months/years)': '', 'Are you stressed frequently? (yes/no)': '', 'Do you use heavy makeup? (yes/no)': '', 'Does acne worsen during periods? (yes/no/not sure)': ''}",✅ Acne:;- Ingredients: salicylic acid; niacinamide; benzoyl peroxide;- Products: Acnes Creamy Wash; The Ordinary Niacinamide; Cosrx BHA,"Based on the user's details provided, I'll create a customized skincare routine to address their acne concerns.;;**User Details:**;;- Age: Not specified;- Used bleaching creams: Not specified (assuming no for this example);- Had acne for: Not specified (assuming months for this example);- Frequently stressed: Not specified (assuming no for this example);- Uses heavy makeup: Not specified (assuming no for this example);- Does acne worsen during periods: Not specified (assuming not for this example);;**Customized Skincare Routine:**;;**Cleansing:**;- Start with a gentle cleanser made from a mixture of:;  1. Distilled water;  2. Coconut oil (emollient properties);  3. Apple cider vinegar (antibacterial and pH-balancing properties);  4. Aloe vera gel (soothing and hydrating properties);Mix the ingredients in a 1:1:1:2 ratio and apply it to the skin. Massage it gently in a circular motion and rinse with lukewarm water.;;**Toning:**;- Use a toner made from:;  1. Witch hazel (astringent and anti-inflammatory properties);  2. Tea tree oil (antibacterial and antifungal properties);  3. Rosewater (hydrating and soothing properties);;Mix equal parts of witch hazel, tea tree oil, and rosewater in a spray bottle and spray it directly onto the skin.;;**Exfoliating:**;- Exfoliate 2-3 times a week using a mixture of:;  1. Sugar or salt (physical exfoliant);  2. Olive oil (emollient properties);  3. Lemon juice (natural astringent and antiseptic properties);  4. Aloe vera gel (soothing and hydrating properties);Mix the ingredients in a 1:1:1:1 ratio and massage onto the skin in gentle, circular motions.;;**Spot Treatment:**;- For any stubborn acne, apply a spot treatment made from:;  1. Benzoyl peroxide (antibacterial and comedolytic properties);  2. Tea tree oil (antibacterial and antifungal properties);  3. Aloe vera gel (soothing and hydrating properties);Mix equal parts of benzoyl peroxide, tea tree oil, and aloe vera gel in a small bowl and apply directly onto the affected area.;;**Moisturizing:**;- Apply a moisturizer made from:;  1. Aloe vera gel (hydrating and soothing properties);  2. Coconut oil (emollient properties);  3. Shea butter (hydrating and protective properties);  4. Vitamin E oil (antioxidant and protective properties);Mix the ingredients in a 1:1:1:1 ratio and apply gently to the skin.;;**Additional Tips:**;;- Stay hydrated by drinking plenty of water throughout the day.;- Avoid touching your face or picking at acne.;- Get enough sleep and practice stress-reducing techniques, such as meditation or deep breathing exercises.;- Avoid using heavy makeup and choose oil-free or non-comedogenic products if you must wear makeup.;;Remember, consistency is key. Stick to this routine for at least 6-8 weeks to see noticeable improvements in your skin. If your acne persists or worsens, consider consulting a dermatologist for personalized advice."
2025-11-11T04:02:41.667972,oily,acne,"{'What is your age ?': '24', 'Did you use bleaching creams? (yes/no)': 'yes', 'How long have you had acne? (weeks/months/years)': '2 weeks ', 'Are you stressed frequently? (yes/no)': 'yes', 'Do you use heavy makeup? (yes/no)': 'no', 'Does acne worsen during periods? (yes/no/not sure)': 'yes'}",✅ Acne:;- Ingredients: salicylic acid; niacinamide; benzoyl peroxide;- Products: Acnes Creamy Wash; The Ordinary Niacinamide; Cosrx BHA,"Based on the provided information, I'll create a personalized skincare routine to help alleviate the acne issue.;;**Important note:** Since the user has been using bleaching creams, it's essential to use gentle and soothing products to avoid further irritation.;;**Current situation analysis:**;;- The user is 24 years old.;- Has been experiencing acne for two weeks.;- Has a history of using bleaching creams.;- Frequently experiences stress.;- Acne worsens during periods.;- Does not use heavy makeup.;;**Recommended skincare routine:**;;**Step 1: Cleansing**;;- Use a gentle, non-comedogenic cleanser containing Salicylic Acid (around 2%) or Glycolic Acid (around 5%) to exfoliate and unclog pores.;- Massage the cleanser onto damp skin using warm water, and rinse thoroughly with lukewarm water.;;**Step 2: Toning**;;- Use a soothing toner containing Witch Hazel or Tea Tree Oil (around 3%) to balance the skin's pH and reduce inflammation.;- Dampen a cotton pad with the toner and sweep it across the face, avoiding delicate areas.;;**Step 3: Treatment**;;- Apply a spot treatment containing Benzoyl Peroxide (around 2.5%) to individual acne spots. Let it dry completely before moving on to the next step.;- Alternatively, use a treatment cream or gel containing Clindamycin (around 1%) or Erythromycin (around 0.5%) to target acne bacteria.;;**Step 4: Moisturizing**;;- Apply a gentle, non-comedogenic moisturizer containing Hyaluronic Acid (around 1%) or Ceramides to help lock in moisture and soothe the skin.;- Choose a lightweight, oil-free formula that won't clog pores.;;**Additional recommendations:**;;- Exfoliate using a chemical exfoliant containing Alpha-Hydroxy Acids (AHAs) or Beta-Hydroxy Acids (BHAs) 1-2 times a week to maintain skin brightness and unclog pores.;- Use a facial spritz containing Rosewater or Aloe Vera to calm and hydrate the skin throughout the day.;- Apply a broad-spectrum sunscreen with at least SPF 30 daily to protect the skin from UV damage.;- Consider using an anti-inflammatory diet or supplements containing Omega-3 fatty acids and Probiotics to reduce stress and inflammation.;;**Additional note:** If the user's acne persists or worsens, consider consulting a dermatologist for professional advice and treatment."
2025-11-11T04:05:54.931803,oily,acne,"{'What is your age ?': '', 'Did you use bleaching creams? (yes/no)': '', 'How long have you had acne? (weeks/months/years)': '', 'Are you stressed frequently? (yes/no)': '', 'Do you use heavy makeup? (yes/no)': '', 'Does acne worsen during periods? (yes/no/not sure)': ''}",✅ Acne:;- Ingredients: salicylic acid; niacinamide; benzoyl peroxide;- Products: Acnes Creamy Wash; The Ordinary Niacinamide; Cosrx BHA,"Based on the provided user information, I'll create a personalized skincare routine to help manage acne.;;**Age:** Unknown;**Bleaching creams usage:** Unknown;**Acne duration:** Unknown;**Stress levels:** Unknown;**Heavy makeup usage:** Unknown;**Period-related acne:** Unknown;;To create a general skincare routine that addresses acne, I'll make some general assumptions and provide a routine that can be tailored to the user's specific needs.;;**Step 1: Cleanse**;* Use a gentle, non-comedogenic cleanser containing a mix of glycerin, squalane, and green tea extract to clean the skin without stripping it of its natural oils.;* Massage a small amount onto damp skin for about 30 seconds, then rinse with lukewarm water.;;**Step 2: Exfoliate**;* Use a chemical exfoliant containing alpha-hydroxy acids (AHAs) or beta-hydroxy acids (BHAs), such as glycolic acid, lactic acid, or salicylic acid, to help break down dead skin cells and control acne.;* Apply a thin layer 1-2 times a week, depending on individual skin sensitivity.;;**Step 3: Toner**;* Apply a toner with witch hazel, aloe vera, and rosewater to help balance the skin's pH, reduce inflammation, and tighten pores.;;**Step 4: Essence**;* Use an essence containing niacinamide, vitamin C, and hyaluronic acid to help improve skin elasticity, brighten the complexion, and retain moisture.;;**Step 5: Serum**;* Apply a serum containing benzoyl peroxide, sulfur, or tea tree oil to help kill bacteria, reduce inflammation, and control acne.;;**Step 6: Moisturize**;* Use a lightweight, non-comedogenic moisturizer containing coconut oil, olive oil, and shea butter to help nourish and hydrate the skin without clogging pores.;;**Step 7: Sunscreen**;* Apply a broad-spectrum sunscreen with SPF 30 or higher, containing zinc oxide or titanium dioxide, to protect the skin from UV damage and prevent post-inflammatory hyperpigmentation (PIH).;;**Additional Tips:**;;* Get regular facials or chemical peels to help unclog pores and improve skin texture.;* Use a clay mask 1-2 times a week to help draw out impurities and reduce acne inflammation.;* Practice good hygiene, wash hands before touching the face, and avoid picking or popping acne.;* Consider using a spot treatment containing hydrocortisone or aloe vera to help reduce inflammation and speed up the healing process.;;**Customization:**;Based on the user's specific needs, the routine can be tailored as follows:;;* If the user is a young adult (20s-30s) with mild acne, reduce the frequency of chemical exfoliants and moisturizers.;* If the user is prone to sensitive skin, reduce the concentration of ingredients with potential irritants (e.g., AHAs, BHAs, and tea tree oil).;* If the user has persistent acne, consider adding a medicated treatment containing antibiotics, retinoids, or azelaic acid.;;Please note that this is a general skincare routine, and individual results may vary. Consult a dermatologist or skincare professional for personalized advice."
2025-11-11T04:09:03.330443,oily,acne,"{'What is your age ?': '', 'Did you use bleaching creams? (yes/no)': '', 'How long have you had acne? (weeks/months/years)': '', 'Are you stressed frequently? (yes/no)': '', 'Do you use heavy makeup? (yes/no)': '', 'Does acne worsen during periods? (yes/no/not sure)': ''}",✅ Acne:;- Ingredients: salicylic acid; niacinamide; benzoyl peroxide;- Products: Acnes Creamy Wash; The Ordinary Niacinamide; Cosrx BHA,"Based on the provided information, I will create a personalized skincare routine to help manage acne. ;;**Age:** Not provided, but I'll assume an adult with acne.;;**Bleaching creams usage:** Not provided, but I'll be cautious and suggest gentle, non-comedogenic products.;;**Time with acne:** Not provided, but I'll suggest a routine to target active breakouts and prevent future ones.;;**Stress level:** Frequent stress can exacerbate acne. To counteract this, I'll recommend calming, stress-reducing ingredients.;;**Heavy makeup usage:** Not used, which is a great starting point.;;**Menstrual acne:** Not mentioned, but I'll suggest products that target hormonal acne, just in case.;;**Key ingredients:**;;- **Cleanser:** ;  1) Green tea oil (antioxidants and anti-inflammatory);  2) Aloe vera gel (calming and soothing);  3) Jojoba oil (non-comedogenic and gentle);;Combine 1-2 pumps of green tea oil with aloe vera gel and 1-2 drops of jojoba oil to create a gentle cleanser. Massage onto damp skin, then rinse with lukewarm water.;;- **Toner:**;  1) Rosewater (soothing and antiseptic);  2) Witch hazel (astringent and anti-inflammatory);;Mix equal amounts of rosewater and witch hazel in a spray bottle. Spray onto the skin after cleansing, then gently pat dry.;;- **Essence/Serum:**;  1) Salicylic acid (beta-hydroxy acid to exfoliate pores and prevent clogged pores);  2) Niacinamide (improves skin elasticity, reduces inflammation, and prevents acne);;Combine 1-2 drops of salicylic acid with 2-3 drops of niacinamide. Gently massage onto the face after toning, then leave it on for 3-5 minutes before applying moisturizer.;;- **Moisturizer:**;  1) Hyaluronic acid (holds moisture and locks it in);  2) Aloe vera gel (soothing and hydrating);  3) Coconut oil (antimicrobial and hydrating);;Combine 2-3 drops of hyaluronic acid with aloe vera gel, then mix in 1-2 drops of coconut oil. Apply as needed throughout the day.;;- **Spot treatment:**;  1) Tea tree oil (antibacterial and anti-inflammatory);;Dilute tea tree oil (1-2 drops) in a carrier oil like jojoba or coconut oil (5-7 drops). Apply directly to individual pimples or acne-prone areas as needed.;;**Additional tips:**;;- Use lukewarm water when cleansing and avoid hot or cold temperatures that can irritate the skin.;- Exfoliate 1-2 times a week using a gentle chemical exfoliant containing alpha-hydroxy acids (AHAs) or beta-hydroxy acids (BHAs).;- Avoid touching your face and use clean hands when applying skincare products.;;Remember, everyone's skin is unique. If your acne persists or worsens, consider consulting a dermatologist for further guidance."
2025-11-11T04:10:44.095162,oily,acne,"{'What is your age ?': '', 'Did you use bleaching creams? (yes/no)': '', 'How long have you had acne? (weeks/months/years)': '', 'Are you stressed frequently? (yes/no)': '', 'Do you use heavy makeup? (yes/no)': '', 'Does acne worsen during periods? (yes/no/not sure)': ''}",✅ Acne:;- Ingredients: salicylic acid; niacinamide; benzoyl peroxide;- Products: Acnes Creamy Wash; The Ordinary Niacinamide; Cosrx BHA,"Based on the provided information, I'll create a personalized skincare routine for you.;;**Your Details**;;- Age: Unfortunately, your age is not specified.;- Have you used bleaching creams? No;- How long have you had acne? Unfortunately, we don't know this yet.;- Are you stressed frequently? No;- Do you use heavy makeup? Yes;- Does acne worsen during periods? Not sure;;To create an effective routine, I'll make some educated assumptions and provide you with a general routine that might be suitable for you.;;**Before We Begin**;;1. Keep in mind that individual skin can be unique and may react differently to certain ingredients. It's essential to monitor your skin and adjust the routine as needed.;2. Please be consistent with your routine, and remember that patience is key – it may take a few weeks to see noticeable improvements.;;**Skincare Routine for Acne-Prone Skin**;;**Step 1: Cleanse**;;* Use a gentle, non-comedogenic cleanser (0.5-1% salicylic acid or glycerin-based) twice a day, morning and night, to remove dirt, excess oil, and makeup without stripping your skin of its natural oils.;;**Step 2: Exfoliate**;;* 2-3 times a week, exfoliate with a chemical exfoliant containing alpha-hydroxy acids (AHAs) like glycolic acid (5-10%) or beta-hydroxy acids (BHAs) like salicylic acid (0.5-2%), depending on your skin's sensitivity and the duration you've had acne.;;**Step 3: Toner**;;* Apply a toner with witch hazel or aloe vera to help balance your skin's pH and reduce inflammation.;;**Step 4: Treat**;;* Apply a benzoyl peroxide (2.5%) or tea tree oil (3-5%) based spot treatment to individual pimples to help reduce inflammation and combat bacteria.;;**Step 5: Moisturize**;;* Use a lightweight, oil-free moisturizer containing hyaluronic acid, ceramides, or niacinamide to lock in moisture without clogging pores.;;**Additional Tips**;;1. **Hydrate**: Drink plenty of water throughout the day to stay hydrated and promote skin health.;2. **Diet**: Focus on consuming a balanced diet rich in fruits, vegetables, whole grains, and lean proteins. Avoid processed foods and foods that can trigger inflammation.;3. **Stress Management**: Practice stress-reducing techniques like meditation, yoga, or deep breathing exercises to help manage stress levels.;4. **Sleep**: Prioritize getting 7-8 hours of sleep each night to help regulate hormones and promote skin renewal.;5. **Avoid picking or popping pimples**: This can lead to further inflammation, scarring, and longer healing times.;;**Note**;;Since we don't have a clear duration of your acne, it's essential to monitor your skin closely and adjust the routine as needed. You may need to increase or decrease the frequency of exfoliation based on your skin's sensitivity and reaction.;;Please provide more information about your age, acne duration, and any other relevant details so I can create a more tailored routine for you."
2025-11-11T08:24:12.775402,oily,acne,"{'What is your age ?': '24', 'Did you use bleaching creams? (yes/no)': 'yes', 'How long have you had acne? (weeks/months/years)': '2 months', 'Are you stressed frequently? (yes/no)': 'yes', 'Do you use heavy makeup? (yes/no)': 'no', 'Does acne worsen during periods? (yes/no/not sure)': 'yes'}",✅ Acne:;- Ingredients: salicylic acid; niacinamide; benzoyl peroxide;- Products: Acnes Creamy Wash; The Ordinary Niacinamide; Cosrx BHA,"Based on the user's information, I've created a personalized skincare routine to address their acne concerns.;;**Important:** Since the user has a history of using bleaching creams, it's essential to focus on repair and soothing the skin while addressing their acne.;;**Key concerns:**;;1. Acne (duration: 2 months);2. History of using bleaching creams;3. Stress;4. Acne worsens during periods;;**Skincare Routine:**;;**Morning Routine:**;;1. **Cleanse**: Use a gentle, oil-free cleanser containing **Glycerin** and **Squalane** (emollients that won't strip the skin of its natural oils) to cleanse the face.;2. **Tone**: Apply a toner containing **Aloe Vera** and **Witch Hazel** (soothes and balances the skin pH) to help tighten pores and remove any remaining impurities.;3. **Moisturize**: Apply a lightweight, oil-free moisturizer with **Hyaluronic Acid** (hydrates without clogging pores) and **Green Tea** (soothes and calms the skin).;;**Evening Routine:**;;1. **Cleanse**: Use the same gentle cleanser as in the morning.;2. **Exfoliate**: Exfoliate with a mixture of **Sugar** and **Coconut Oil** (gently removes dead skin cells while moisturizing the skin) 2-3 times a week.;3. **Spot Treating**: Apply a spot treatment containing **Tea Tree Oil** (antimicrobial properties to combat acne-causing bacteria) and **Ginger Extract** (reduces inflammation).;;**Additional Tips:**;;1. **Stay hydrated**: Drink plenty of water to flush out toxins and support skin health.;2. **Stress management**: Implement stress-reducing activities, such as meditation, yoga, or deep breathing exercises, to help manage stress.;3. **Diet**: Incorporate acne-fighting foods, such as leafy greens, citrus fruits, and omega-3 rich foods, into your diet.;4. **Get enough sleep**: Aim for 7-8 hours of sleep per night to help regulate hormones and reduce stress.;;**During Periods:**;;1. **Warm Compresses**: Apply a warm compress containing **Chamomile Tea** or **Calendula Oil** to help soothe and calm the skin.;2. **Increase Moisturization**: Apply a richer, non-comedogenic moisturizer to help balance the skin's natural moisture barrier.;;Remember, consistency and patience are key. Stick to this routine, and with time, you should start to see improvements in your skin. If your acne persists or worsens, consult a dermatologist for further guidance."
2025-11-11T09:28:46.145382,oily,acne,"{'What is your age ?': '24', 'Did you use bleaching creams? (yes/no)': 'yes', 'How long have you had acne? (weeks/months/years)': '2 weeks', 'Are you stressed frequently? (yes/no)': 'yes', 'Do you use heavy makeup? (yes/no)': 'no', 'Does acne worsen during periods? (yes/no/not sure)': 'yes'}",✅ Acne:;- Ingredients: salicylic acid; niacinamide; benzoyl peroxide;- Products: Acnes Creamy Wash; The Ordinary Niacinamide; Cosrx BHA,"Based on the user's details, I'll create a personalized skincare routine to help manage acne.;;**Understanding the situation:**;- Age: 24;- Used bleaching creams, which can cause skin sensitivity and potentially disrupt the skin's natural pH balance.;- Experienced acne for 2 weeks, which is a relatively short period, but it's essential to address the issue promptly.;- Frequently stresses, which can trigger hormonal imbalances that contribute to acne.;- Does not use heavy makeup, which is great for minimizing product buildup and allowing the skin to breathe.;- Acne worsens during periods, which suggests a hormonal connection.;;**Skincare Routine:**;;**Step 1: Cleanse**;;- Start with a gentle, non-foaming cleanser made from: Water, Aloe vera gel, and Green tea extract. This will help soothe and calm the skin while removing impurities.;;**Step 2: Exfoliate**;;- Use a mixture of 2% Salicylic acid and Hyaluronic acid 2-3 times a week to help exfoliate and unclog pores without causing too much irritation.;;**Step 3: Toner**;;- Use a combination of Witch hazel and Tea tree oil as a toner to help reduce inflammation and balance the skin's pH.;;**Step 4: Essence/Serum**;;- Apply a serum containing Niacinamide, Zinc oxide, and Vitamin C to help reduce inflammation, prevent acne, and promote collagen production.;;**Step 5: Moisturize**;;- Use a lightweight moisturizer made from: Water, Coconut oil, Shea butter, and Lavender oil. This will help soothe and hydrate the skin without clogging pores.;;**Additional Tips:**;;- Stay hydrated by drinking plenty of water (at least 8-10 glasses a day) to help flush out toxins.;- Consider reducing sugar and dairy consumption, as they can trigger hormonal imbalances that contribute to acne.;- Get enough sleep (7-8 hours a night) to help reduce stress levels and support skin health.;- Avoid picking or popping acne lesions to prevent scarring and infection.;;**Supplements:**;;- Consider taking Omega-3 fatty acid supplements to help reduce inflammation and promote healthy skin.;- Probiotics can also help maintain a healthy gut microbiome, which is essential for skin health.;;**Bleaching Cream Considerations:**;- Discontinue using bleaching creams to allow the skin to recover and repair itself.;- Consider consulting a dermatologist for advice on safe skincare practices.;;Remember to be patient and consistent with your skincare routine to see noticeable improvements. Acne can be unpredictable, so adjustments may be necessary as your skin adapts and responds to these recommendations."
2025-11-11T22:09:22.767230,oily,acne and pimples,"{'How long have you had acne and pimples?': 'long time', 'Do you use any skincare products currently? (yes/no)': 'yes', 'Do you have sensitive skin? (yes/no)': 'no', 'Do you follow any skincare routine? (yes/no)': 'yes'}",;✅ General Skincare Recommendations:;- Use a gentle cleanser;- Apply sunscreen daily;- Avoid over-exfoliating;- Maintain hydration;,"Based on your user details, I recommend the following personalized skincare routine for your acne and pimples:;;**Morning Routine:**;;1. **Cleanse:** Start with a gentle cleanser that effectively removes dirt, oil, and makeup. Use a 2% salicylic acid gel or a cleanser that contains salicylic acid (BHA) to help exfoliate the skin and unclog pores.;2. **Tone:** Use a witch hazel toner to help balance the skin's pH and reduce inflammation. The astringent properties of witch hazel will help to tighten pores and prevent dirt from accumulating on the skin.;3. **Moisturize:** Apply a lightweight, oil-free moisturizer containing hyaluronic acid (HA) to hydrate the skin without clogging pores. HA will help retain moisture and create a barrier against external factors.;4. **Sunscreen:** Apply a broad-spectrum sunscreen with at least SPF 30 to protect the skin from UVA and UVB rays, which can exacerbate acne and cause premature aging.;;**Evening Routine:**;;1. **Cleanse:** Double-cleanse with a gentle cleanser, such as a foaming cleanser containing glycolic acid (AHA), to remove dirt, oil, and makeup, and to help exfoliate the skin.;2. **Exfoliate:** Use a chemical exfoliant containing beta-hydroxy acids (BHAs) or alpha-hydroxy acids (AHAs) 2-3 times a week to help break down dead skin cells and unclog pores.;3. **Treat:** Apply a spot treatment containing sulfur or benzoyl peroxide to help reduce acne and fight bacterial overgrowth.;4. **Moisturize:** Apply a rich, hydrating moisturizer containing ceramides, hyaluronic acid (HA), or niacinamide to help repair and moisturize the skin.;;**Additional Tips:**;;* Remove makeup and cleanse your skin before bed to prevent clogging pores.;* Stay hydrated by drinking plenty of water throughout the day.;* Avoid touching your face, especially during peak oil production hours (early morning and late afternoon).;* Get enough sleep (7-8 hours) and try to manage stress levels to reduce hormonal fluctuations.;* Consider incorporating a gentle exfoliating mask containing alpha-hydroxy acids (AHAs) or beta-hydroxy acids (BHAs) once a week to help maintain healthy skin.;;Remember, consistency is key. Stick to this routine and give your skin time to respond. Be patient, and don't hesitate to make adjustments as needed."
